{"threshold": 0.22244897484779358, "f1": 0.45553353428840637}