{"threshold": 0.20204082131385803, "f1": 0.4541853666305542}