{"threshold": 0.22244897484779358, "f1": 0.45632821321487427}