{"threshold": 0.2530612349510193, "f1": 0.4580017030239105}