{"threshold": 0.22244897484779358, "f1": 0.4556114077568054}